{
    "Points_Kdaa": [
        {
            "userid": "860318175421530132",
            "point": 0
        },
        {
            "userid": "888456281264898049",
            "point": 14
        },
        {
            "userid": "1004895478569259079",
            "point": 1
        }
    ],
    "Points_Staff": [
        {
            "userid": "860318175421530132",
            "point": 50,
            "Warn": 16
        },
        {
            "userid": "1004895478569259079",
            "Warn": 2,
            "point": 0
        },
        {
            "userid": "703587849622257765",
            "point": 1
        },
        {
            "userid": "1075096862949912719",
            "point": 3
        }
    ]
}